wave,observations,variables,countries,country_variable,weight_variables,file
1995,9069,203,8,pais,wt,Latinobarometro_1995_data_english_spss_v2014_06_27.sav
1996,21200,284,18,pais,wt,Latinobarometro_1996_datos_english_spss_v2014_06_27.sav
1997,20243,283,18,idenpa,wt,Latinobarometro_1997_datos_english_spss_v2014_06_27.sav
1998,20331,268,18,idenpa,pondera,Latinobarometro_1998_datos_english_v2014_06_27.sav
2000,18038,229,17,IDENPA,WT,Latinobarometro_2000_datos_eng_v2014_06_27.sav
2001,20631,271,18,idenpa,wt,Latinobarometro_2001_datos_english_v2014_06_27.sav
2002,21006,360,18,idenpa,wt,Latinobarometro_2002_datos_eng_v2014_06_27.sav
2003,21133,287,18,idenpa,wt,Latinobarometro_2003_datos_eng_v2014_06_27.sav
2004,22096,311,19,idenpa,wt,Latinobarometro_2004_datos_eng_v2014_06_27.sav
2005,20222,291,18,idenpa,wt,Latinobarometro_2005_datos_eng_v2014_06_27.sav
2006,22708,299,19,idenpa,wt,Latinobarometro_2006_datos_eng_v2014_06_27.sav
2007,22694,367,19,idenpa,wt,Latinobarometro_2007_datos_eng_v2014_06_27.sav
2008,22675,383,19,idenpa,wt,Latinobarometro_2008_datos_eng_v2014_06_27.sav
2009,22690,368,19,idenpa,wt,Latinobarometro_2009_datos_eng_v2014_06_27.sav
2010,22687,394,19,IDENPA,wt,Latinobarometro_2010_datos_eng_v2014_06_27.sav
2011,20204,414,18,IDENPA,WT,Latinobarometro_2011_eng.sav
2013,22663,336,19,IDENPA,WT,Latinobarometro2013Eng.sav
2015,20250,338,18,IDENPA,WT,Latinobarometro_2015_Eng.sav
2016,20204,320,18,IDENPA,WT,Latinobarometro2016Eng_v20170205.sav
2017,20200,324,18,IDENPA,WT,Latinobarometro2017Eng_v20180117.sav
2018,20204,395,18,IDENPA,WT,Latinobarometro_2018_Eng_Spss_v20190303.sav
2020,20204,408,18,IDENPA,WT,Latinobarometro_2020_Eng_Spss_v1_0.sav
2023,19205,274,17,IDENPA,WT,Latinobarometro_2023_Eng_Spss_v1_0.sav
